Date,Category,payment mode,Description,cashback,Amount
2024-03-22,Bills,UPI,Paid electricity bill,42.87,997.38
2024-03-12,Health,Cash,Purchased vitamins and supplements,0.0,433.13
2024-03-20,Health,Credit Card,Paid for doctor consultation,0.0,102.22
2024-03-25,Investment,Cash,Invested in bonds,0.0,94.89
2024-03-29,Investment,UPI,Invested in bonds,17.07,171.11
2024-03-28,Groceries,UPI,Bought vegetables and fruits,16.9,92.12
2024-03-11,Stationery,Debit Card,Stationery shopping for school,0.0,107.12
2024-03-17,Bills,Debit Card,Paid phone bill,0.0,336.36
2024-03-13,Insurance,UPI,Paid car insurance premium,39.12,954.93
2024-03-17,Insurance,Credit Card,Settled health insurance bill,0.0,467.56
2024-03-28,Transaction,UPI,Transferred money to friend,9.05,157.17
2024-03-28,Health,Cash,Paid for doctor consultation,0.0,477.32
2024-03-05,Groceries,UPI,Purchased organic produce,14.72,248.99
2024-03-16,Insurance,Credit Card,Settled health insurance bill,0.0,118.68
2024-03-16,Insurance,UPI,Completed insurance renewal,18.95,23.94
2024-03-23,Bills,Credit Card,Paid electricity bill,0.0,958.66
2024-03-02,Insurance,Cash,Completed insurance renewal,0.0,110.77
2024-03-05,Transaction,Debit Card,Transferred money to friend,0.0,326.83
2024-03-18,Groceries,Cash,Purchased organic produce,0.0,513.68
2024-03-29,Stationery,UPI,Stationery shopping for school,13.16,386.36
2024-03-29,Bills,Debit Card,Settled water bill,0.0,869.08
2024-03-22,Insurance,Cash,Settled health insurance bill,0.0,65.2
2024-03-19,Bills,Debit Card,Paid phone bill,0.0,773.09
2024-03-25,Insurance,Debit Card,Settled health insurance bill,0.0,197.08
2024-03-30,Transaction,Credit Card,Paid via online transfer,0.0,636.63
2024-03-24,Groceries,Cash,Bought vegetables and fruits,0.0,538.59
2024-03-25,Transaction,Cash,Sent money to relative,0.0,386.64
2024-03-11,Insurance,Debit Card,Paid car insurance premium,0.0,730.2
2024-03-29,Subscription,UPI,Subscribed to magazine,24.95,629.89
2024-03-25,Investment,Debit Card,Invested in mutual funds,0.0,317.73
2024-03-14,Transaction,UPI,Paid via online transfer,45.37,784.85
2024-03-07,Stationery,Credit Card,Purchased office supplies,0.0,737.07
2024-03-18,Groceries,Debit Card,Bought vegetables and fruits,0.0,523.56
2024-03-14,Subscription,Debit Card,Renewed streaming service subscription,0.0,330.89
2024-03-10,Stationery,Cash,Bought pens and notebooks,0.0,728.17
2024-03-06,Insurance,Credit Card,Settled health insurance bill,0.0,722.38
2024-03-20,Bills,Debit Card,Paid electricity bill,0.0,126.86
2024-03-30,Investment,UPI,Invested in bonds,45.72,340.92
2024-03-24,Stationery,UPI,Purchased office supplies,15.98,642.71
2024-03-27,Stationery,Cash,Bought pens and notebooks,0.0,430.57
2024-03-17,Transaction,Debit Card,Paid via online transfer,0.0,921.6
2024-03-09,Stationery,Debit Card,Bought pens and notebooks,0.0,400.79
2024-03-04,Insurance,Cash,Settled health insurance bill,0.0,876.48
2024-03-04,Health,Cash,Purchased vitamins and supplements,0.0,288.0
2024-03-25,Stationery,Cash,Bought pens and notebooks,0.0,319.78
2024-03-09,Subscription,Credit Card,Subscribed to magazine,0.0,91.71
2024-03-10,Stationery,Cash,Bought pens and notebooks,0.0,36.99
2024-03-01,Groceries,UPI,Weekly grocery shopping,48.45,754.31
2024-03-07,Subscription,Cash,Renewed streaming service subscription,0.0,477.35
2024-03-02,Insurance,Cash,Settled health insurance bill,0.0,520.88
2024-03-24,Subscription,UPI,Renewed streaming service subscription,17.98,755.59
2024-03-02,Health,Cash,Bought medicine from pharmacy,0.0,606.16
2024-03-22,Investment,Debit Card,Invested in bonds,0.0,40.78
2024-03-04,Groceries,Credit Card,Purchased organic produce,0.0,435.99
2024-03-04,Bills,Credit Card,Paid phone bill,0.0,386.58
2024-03-02,Health,UPI,Paid for doctor consultation,42.35,786.06
2024-03-30,Insurance,Cash,Settled health insurance bill,0.0,39.24
2024-03-13,Bills,Cash,Settled water bill,0.0,136.92
2024-03-01,Stationery,UPI,Purchased office supplies,0.63,614.34
2024-03-18,Transaction,Debit Card,Paid via online transfer,0.0,94.42
2024-03-24,Investment,Cash,Purchased stocks,0.0,156.19
2024-03-12,Subscription,Cash,Renewed streaming service subscription,0.0,996.89
2024-03-05,Transaction,Cash,Sent money to relative,0.0,293.45
2024-03-15,Groceries,Cash,Bought vegetables and fruits,0.0,913.83
2024-03-14,Health,UPI,Purchased vitamins and supplements,36.39,732.29
2024-03-10,Subscription,Debit Card,Subscribed to magazine,0.0,860.9
2024-03-25,Bills,Debit Card,Paid phone bill,0.0,283.77
2024-03-25,Insurance,Cash,Completed insurance renewal,0.0,832.67
2024-03-10,Insurance,UPI,Paid car insurance premium,31.61,920.81
2024-03-02,Transaction,Credit Card,Paid via online transfer,0.0,805.49
2024-03-22,Investment,Cash,Invested in mutual funds,0.0,826.31
2024-03-06,Insurance,UPI,Completed insurance renewal,41.32,205.88
2024-03-29,Health,UPI,Paid for doctor consultation,19.4,209.48
2024-03-14,Subscription,Debit Card,Bought gym membership subscription,0.0,922.9
2024-03-28,Transaction,Cash,Transferred money to friend,0.0,562.22
2024-03-18,Health,Cash,Paid for doctor consultation,0.0,384.85
2024-03-23,Investment,Debit Card,Invested in mutual funds,0.0,17.98
2024-03-01,Groceries,Debit Card,Bought vegetables and fruits,0.0,52.89
2024-03-25,Groceries,Debit Card,Purchased organic produce,0.0,663.75
2024-03-07,Health,UPI,Bought medicine from pharmacy,45.15,384.21
2024-03-04,Subscription,Debit Card,Bought gym membership subscription,0.0,275.83
2024-03-25,Transaction,Credit Card,Transferred money to friend,0.0,918.57
2024-03-18,Transaction,UPI,Transferred money to friend,43.91,436.54
2024-03-27,Insurance,Credit Card,Paid car insurance premium,0.0,573.94
2024-03-05,Groceries,Cash,Weekly grocery shopping,0.0,340.2
2024-03-24,Stationery,Credit Card,Purchased office supplies,0.0,824.55
2024-03-07,Transaction,Cash,Sent money to relative,0.0,845.9
2024-03-09,Insurance,UPI,Paid car insurance premium,10.15,113.35
2024-03-06,Transaction,Cash,Transferred money to friend,0.0,684.57
2024-03-04,Health,Debit Card,Purchased vitamins and supplements,0.0,281.77
2024-03-24,Subscription,Credit Card,Renewed streaming service subscription,0.0,356.96
2024-03-28,Subscription,UPI,Bought gym membership subscription,42.46,836.35
2024-03-13,Groceries,Debit Card,Bought vegetables and fruits,0.0,217.61
2024-03-20,Investment,Credit Card,Invested in bonds,0.0,240.71
2024-03-02,Subscription,UPI,Bought gym membership subscription,6.68,438.62
2024-03-02,Health,Debit Card,Bought medicine from pharmacy,0.0,819.77
2024-03-11,Investment,UPI,Invested in bonds,42.33,756.19
2024-03-21,Bills,Cash,Settled water bill,0.0,696.99
2024-03-20,Groceries,Cash,Purchased organic produce,0.0,346.96
2024-03-28,Insurance,Cash,Paid car insurance premium,0.0,888.18
2024-04-05,Stationery,Cash,Bought pens and notebooks,0.0,286.96
2024-04-22,Bills,Debit Card,Paid phone bill,0.0,677.12
2024-04-28,Insurance,UPI,Completed insurance renewal,17.25,676.95
2024-04-09,Stationery,Cash,Stationery shopping for school,0.0,773.36
2024-04-15,Stationery,Credit Card,Stationery shopping for school,0.0,183.44
2024-04-22,Groceries,Credit Card,Weekly grocery shopping,0.0,122.11
2024-04-17,Bills,Credit Card,Paid electricity bill,0.0,707.47
2024-04-26,Investment,Credit Card,Invested in bonds,0.0,94.29
2024-04-13,Transaction,UPI,Sent money to relative,30.34,878.44
2024-04-18,Bills,Credit Card,Paid phone bill,0.0,624.27
2024-04-15,Health,Debit Card,Bought medicine from pharmacy,0.0,204.79
2024-04-12,Transaction,UPI,Transferred money to friend,35.21,982.4
2024-04-22,Bills,Debit Card,Paid electricity bill,0.0,487.52
2024-04-04,Investment,UPI,Invested in bonds,20.58,235.86
2024-04-06,Groceries,Credit Card,Purchased organic produce,0.0,734.21
2024-04-11,Subscription,Debit Card,Subscribed to magazine,0.0,543.04
2024-04-12,Transaction,Debit Card,Transferred money to friend,0.0,724.81
2024-04-07,Subscription,UPI,Renewed streaming service subscription,21.13,130.35
2024-04-15,Stationery,UPI,Purchased office supplies,21.79,243.0
2024-04-08,Investment,UPI,Purchased stocks,29.43,485.08
2024-04-28,Health,Credit Card,Paid for doctor consultation,0.0,370.83
2024-04-17,Groceries,Debit Card,Weekly grocery shopping,0.0,91.11
2024-04-17,Transaction,Cash,Sent money to relative,0.0,354.78
2024-04-24,Stationery,Credit Card,Purchased office supplies,0.0,906.78
2024-04-08,Health,Cash,Bought medicine from pharmacy,0.0,324.52
2024-04-24,Transaction,UPI,Paid via online transfer,11.87,276.11
2024-04-26,Groceries,UPI,Purchased organic produce,33.63,698.07
2024-04-18,Insurance,Credit Card,Paid car insurance premium,0.0,218.92
2024-04-20,Transaction,Cash,Sent money to relative,0.0,38.66
2024-04-15,Bills,Credit Card,Paid electricity bill,0.0,911.95
2024-04-05,Groceries,Cash,Purchased organic produce,0.0,514.16
2024-04-14,Insurance,UPI,Completed insurance renewal,3.7,692.97
2024-04-19,Stationery,Credit Card,Bought pens and notebooks,0.0,324.6
2024-04-14,Stationery,UPI,Stationery shopping for school,7.56,875.38
2024-04-16,Stationery,Debit Card,Purchased office supplies,0.0,218.58
2024-04-15,Insurance,Credit Card,Paid car insurance premium,0.0,994.33
2024-04-29,Insurance,Credit Card,Paid car insurance premium,0.0,978.18
2024-04-08,Stationery,Credit Card,Purchased office supplies,0.0,611.87
2024-04-17,Groceries,Debit Card,Weekly grocery shopping,0.0,548.61
2024-04-16,Groceries,UPI,Purchased organic produce,42.98,589.4
2024-04-11,Groceries,Cash,Weekly grocery shopping,0.0,551.94
2024-04-24,Investment,UPI,Invested in mutual funds,25.87,253.07
2024-04-06,Health,UPI,Paid for doctor consultation,12.39,894.31
2024-04-08,Insurance,UPI,Paid car insurance premium,49.1,558.63
2024-04-15,Bills,Debit Card,Paid electricity bill,0.0,154.56
2024-04-24,Groceries,Cash,Bought vegetables and fruits,0.0,857.54
2024-04-01,Subscription,Debit Card,Renewed streaming service subscription,0.0,161.0
2024-04-26,Investment,Debit Card,Invested in mutual funds,0.0,66.37
2024-04-09,Subscription,UPI,Bought gym membership subscription,34.6,365.66
2024-04-25,Insurance,Debit Card,Settled health insurance bill,0.0,290.68
2024-04-26,Groceries,Cash,Bought vegetables and fruits,0.0,179.45
2024-04-21,Subscription,Debit Card,Subscribed to magazine,0.0,223.4
2024-04-10,Stationery,Debit Card,Bought pens and notebooks,0.0,551.07
2024-04-09,Stationery,UPI,Purchased office supplies,35.51,224.01
2024-04-17,Groceries,Debit Card,Weekly grocery shopping,0.0,707.32
2024-04-25,Groceries,Credit Card,Bought vegetables and fruits,0.0,871.48
2024-04-14,Insurance,UPI,Paid car insurance premium,34.52,57.71
2024-04-24,Bills,UPI,Paid phone bill,43.23,186.02
2024-04-17,Insurance,Cash,Settled health insurance bill,0.0,604.74
2024-04-22,Investment,UPI,Purchased stocks,39.26,934.34
2024-04-10,Transaction,Credit Card,Sent money to relative,0.0,434.53
2024-04-01,Investment,Debit Card,Purchased stocks,0.0,213.6
2024-04-03,Health,Cash,Purchased vitamins and supplements,0.0,444.51
2024-04-05,Investment,Debit Card,Purchased stocks,0.0,443.14
2024-04-28,Insurance,Debit Card,Settled health insurance bill,0.0,858.02
2024-04-29,Subscription,Debit Card,Subscribed to magazine,0.0,798.29
2024-04-13,Investment,Debit Card,Purchased stocks,0.0,691.71
2024-04-08,Insurance,Cash,Paid car insurance premium,0.0,749.62
2024-04-02,Insurance,Cash,Settled health insurance bill,0.0,617.3
2024-04-17,Groceries,Debit Card,Bought vegetables and fruits,0.0,374.86
2024-04-10,Subscription,Debit Card,Subscribed to magazine,0.0,269.6
2024-04-21,Bills,UPI,Settled water bill,0.04,996.83
2024-04-23,Insurance,Debit Card,Completed insurance renewal,0.0,539.37
2024-04-11,Groceries,Debit Card,Bought vegetables and fruits,0.0,21.2
2024-04-12,Groceries,Debit Card,Purchased organic produce,0.0,545.34
2024-04-21,Groceries,Credit Card,Bought vegetables and fruits,0.0,423.03
2024-04-20,Transaction,Debit Card,Transferred money to friend,0.0,20.32
2024-04-09,Insurance,UPI,Completed insurance renewal,2.93,380.74
2024-04-20,Bills,Cash,Paid phone bill,0.0,490.98
2024-04-06,Stationery,Debit Card,Stationery shopping for school,0.0,514.28
2024-04-10,Stationery,Debit Card,Bought pens and notebooks,0.0,367.48
2024-04-15,Groceries,Debit Card,Weekly grocery shopping,0.0,24.72
2024-04-04,Insurance,UPI,Settled health insurance bill,30.8,697.97
2024-04-06,Insurance,Debit Card,Paid car insurance premium,0.0,638.24
2024-04-04,Bills,Credit Card,Settled water bill,0.0,898.68
2024-04-01,Transaction,Credit Card,Paid via online transfer,0.0,553.77
2024-04-26,Bills,Cash,Paid phone bill,0.0,214.97
2024-04-12,Groceries,UPI,Weekly grocery shopping,7.5,937.42
2024-04-08,Transaction,Debit Card,Paid via online transfer,0.0,838.41
2024-04-29,Health,Debit Card,Bought medicine from pharmacy,0.0,879.61
2024-04-21,Subscription,UPI,Renewed streaming service subscription,30.16,166.78
2024-04-24,Groceries,UPI,Purchased organic produce,38.31,776.81
2024-04-21,Stationery,Debit Card,Stationery shopping for school,0.0,896.62
2024-04-15,Health,Cash,Paid for doctor consultation,0.0,338.52
2024-04-06,Groceries,UPI,Weekly grocery shopping,49.55,844.45
2024-04-11,Subscription,Debit Card,Subscribed to magazine,0.0,582.19
2024-04-24,Bills,Credit Card,Settled water bill,0.0,227.11
2024-04-01,Groceries,Cash,Purchased organic produce,0.0,619.49
2024-04-17,Bills,Cash,Paid electricity bill,0.0,451.29
2024-04-17,Bills,Cash,Paid electricity bill,0.0,581.59
2024-05-25,Transaction,Debit Card,Sent money to relative,0.0,770.67
2024-05-19,Groceries,Debit Card,Purchased organic produce,0.0,523.82
2024-05-07,Bills,Credit Card,Paid phone bill,0.0,441.9
2024-05-05,Bills,UPI,Paid phone bill,32.78,415.61
2024-05-29,Insurance,Debit Card,Completed insurance renewal,0.0,837.61
2024-05-03,Transaction,UPI,Paid via online transfer,41.21,138.13
2024-05-28,Bills,Credit Card,Paid electricity bill,0.0,742.74
2024-05-25,Groceries,Debit Card,Weekly grocery shopping,0.0,625.39
2024-05-07,Stationery,UPI,Bought pens and notebooks,43.67,364.83
2024-05-28,Stationery,Debit Card,Purchased office supplies,0.0,56.17
2024-05-02,Subscription,Debit Card,Bought gym membership subscription,0.0,492.48
2024-05-23,Transaction,Debit Card,Paid via online transfer,0.0,40.78
2024-05-04,Groceries,Debit Card,Bought vegetables and fruits,0.0,347.21
2024-05-08,Subscription,Credit Card,Subscribed to magazine,0.0,805.92
2024-05-11,Insurance,Debit Card,Settled health insurance bill,0.0,550.06
2024-05-04,Investment,UPI,Invested in mutual funds,29.63,149.89
2024-05-28,Health,Credit Card,Purchased vitamins and supplements,0.0,719.29
2024-05-26,Investment,UPI,Purchased stocks,46.46,582.64
2024-05-05,Health,Debit Card,Purchased vitamins and supplements,0.0,676.61
2024-05-30,Bills,Credit Card,Settled water bill,0.0,913.74
2024-05-12,Investment,UPI,Invested in mutual funds,47.17,250.64
2024-05-28,Insurance,Debit Card,Completed insurance renewal,0.0,855.07
2024-05-05,Subscription,Cash,Renewed streaming service subscription,0.0,976.28
2024-05-24,Groceries,UPI,Purchased organic produce,23.42,408.39
2024-05-26,Transaction,Credit Card,Transferred money to friend,0.0,854.58
2024-05-16,Insurance,Debit Card,Paid car insurance premium,0.0,102.83
2024-05-18,Insurance,Credit Card,Completed insurance renewal,0.0,35.85
2024-05-20,Transaction,Debit Card,Sent money to relative,0.0,447.7
2024-05-12,Insurance,Debit Card,Completed insurance renewal,0.0,722.39
2024-05-28,Health,UPI,Bought medicine from pharmacy,44.5,478.47
2024-05-22,Groceries,UPI,Weekly grocery shopping,40.68,192.49
2024-05-22,Insurance,UPI,Settled health insurance bill,21.41,562.63
2024-05-15,Subscription,Credit Card,Renewed streaming service subscription,0.0,539.85
2024-05-20,Bills,UPI,Settled water bill,38.33,256.97
2024-05-19,Bills,Credit Card,Paid phone bill,0.0,895.96
2024-05-04,Investment,Credit Card,Purchased stocks,0.0,781.54
2024-05-16,Stationery,Credit Card,Bought pens and notebooks,0.0,674.06
2024-05-23,Investment,Cash,Invested in bonds,0.0,33.14
2024-05-13,Stationery,Credit Card,Purchased office supplies,0.0,653.48
2024-05-04,Investment,Debit Card,Invested in bonds,0.0,747.55
2024-05-28,Health,Debit Card,Purchased vitamins and supplements,0.0,537.69
2024-05-02,Bills,UPI,Paid phone bill,30.64,462.78
2024-05-14,Subscription,Credit Card,Subscribed to magazine,0.0,479.03
2024-05-21,Bills,Debit Card,Paid electricity bill,0.0,287.16
2024-05-30,Bills,Debit Card,Paid electricity bill,0.0,296.07
2024-05-15,Bills,Cash,Paid electricity bill,0.0,533.28
2024-05-23,Subscription,Debit Card,Subscribed to magazine,0.0,909.86
2024-05-11,Transaction,Debit Card,Paid via online transfer,0.0,473.21
2024-05-28,Groceries,Debit Card,Purchased organic produce,0.0,329.6
2024-05-03,Insurance,UPI,Completed insurance renewal,45.81,629.52
2024-05-02,Groceries,Credit Card,Purchased organic produce,0.0,283.49
2024-05-11,Insurance,Credit Card,Settled health insurance bill,0.0,57.02
2024-05-12,Groceries,UPI,Weekly grocery shopping,9.18,474.9
2024-05-20,Investment,UPI,Invested in bonds,3.59,289.88
2024-05-24,Insurance,Debit Card,Paid car insurance premium,0.0,631.71
2024-05-29,Insurance,Cash,Completed insurance renewal,0.0,852.44
2024-05-06,Stationery,Debit Card,Purchased office supplies,0.0,717.94
2024-05-30,Transaction,UPI,Paid via online transfer,5.32,280.84
2024-05-30,Subscription,Cash,Subscribed to magazine,0.0,386.99
2024-05-10,Insurance,Debit Card,Paid car insurance premium,0.0,918.43
2024-05-16,Bills,Credit Card,Paid phone bill,0.0,251.89
2024-05-26,Insurance,Debit Card,Settled health insurance bill,0.0,431.77
2024-05-19,Health,Credit Card,Purchased vitamins and supplements,0.0,678.28
2024-05-05,Investment,Cash,Invested in mutual funds,0.0,796.69
2024-05-03,Investment,Debit Card,Invested in mutual funds,0.0,206.0
2024-05-15,Stationery,Debit Card,Bought pens and notebooks,0.0,928.17
2024-05-11,Groceries,Cash,Weekly grocery shopping,0.0,602.97
2024-05-10,Insurance,Debit Card,Paid car insurance premium,0.0,235.01
2024-05-01,Insurance,Cash,Settled health insurance bill,0.0,603.11
2024-05-08,Stationery,Cash,Bought pens and notebooks,0.0,289.38
2024-05-24,Health,Debit Card,Bought medicine from pharmacy,0.0,122.95
2024-05-19,Transaction,Debit Card,Transferred money to friend,0.0,458.66
2024-05-01,Investment,Credit Card,Purchased stocks,0.0,202.94
2024-05-29,Subscription,Cash,Subscribed to magazine,0.0,381.47
2024-05-21,Transaction,Cash,Sent money to relative,0.0,640.39
2024-05-15,Bills,UPI,Settled water bill,30.33,528.42
2024-05-08,Transaction,Credit Card,Sent money to relative,0.0,966.75
2024-05-13,Health,UPI,Bought medicine from pharmacy,29.01,583.77
2024-05-27,Subscription,Credit Card,Subscribed to magazine,0.0,735.98
2024-05-16,Health,UPI,Bought medicine from pharmacy,44.23,611.29
2024-05-26,Subscription,Debit Card,Bought gym membership subscription,0.0,46.81
2024-05-01,Stationery,Debit Card,Purchased office supplies,0.0,252.76
2024-05-29,Subscription,Cash,Renewed streaming service subscription,0.0,555.03
2024-05-16,Groceries,Cash,Bought vegetables and fruits,0.0,503.54
2024-05-10,Health,UPI,Bought medicine from pharmacy,39.62,644.49
2024-05-16,Investment,Debit Card,Purchased stocks,0.0,696.75
2024-05-27,Stationery,Debit Card,Purchased office supplies,0.0,697.3
2024-05-06,Insurance,Credit Card,Settled health insurance bill,0.0,943.5
2024-05-04,Bills,Credit Card,Paid phone bill,0.0,13.45
2024-05-14,Bills,Debit Card,Paid phone bill,0.0,711.81
2024-05-01,Transaction,Cash,Paid via online transfer,0.0,892.88
2024-05-01,Stationery,Cash,Purchased office supplies,0.0,689.41
2024-05-28,Investment,Credit Card,Invested in mutual funds,0.0,20.08
2024-05-09,Groceries,Credit Card,Weekly grocery shopping,0.0,771.73
2024-05-22,Transaction,Credit Card,Sent money to relative,0.0,369.24
2024-05-02,Stationery,Credit Card,Stationery shopping for school,0.0,348.95
2024-05-24,Investment,Cash,Purchased stocks,0.0,285.34
2024-05-30,Investment,Cash,Purchased stocks,0.0,218.0
2024-05-15,Stationery,Credit Card,Bought pens and notebooks,0.0,891.86
2024-05-07,Groceries,UPI,Purchased organic produce,45.52,951.29
2024-06-18,Health,Credit Card,Bought medicine from pharmacy,0.0,76.54
2024-06-03,Stationery,UPI,Stationery shopping for school,20.15,669.15
2024-06-21,Insurance,Debit Card,Settled health insurance bill,0.0,79.43
2024-06-02,Stationery,Cash,Stationery shopping for school,0.0,813.48
2024-06-21,Bills,Cash,Paid electricity bill,0.0,350.35
2024-06-17,Transaction,UPI,Paid via online transfer,6.49,58.11
2024-06-17,Insurance,Debit Card,Completed insurance renewal,0.0,349.97
2024-06-26,Bills,UPI,Paid electricity bill,3.87,118.57
2024-06-01,Investment,Credit Card,Invested in bonds,0.0,795.69
2024-06-08,Insurance,Cash,Completed insurance renewal,0.0,600.91
2024-06-22,Bills,UPI,Paid phone bill,25.67,536.7
2024-06-29,Subscription,Cash,Renewed streaming service subscription,0.0,200.6
2024-06-16,Insurance,Cash,Completed insurance renewal,0.0,194.5
2024-06-02,Insurance,Debit Card,Paid car insurance premium,0.0,970.94
2024-06-17,Bills,Debit Card,Paid electricity bill,0.0,450.26
2024-06-07,Groceries,Debit Card,Purchased organic produce,0.0,977.85
2024-06-27,Stationery,Debit Card,Stationery shopping for school,0.0,768.09
2024-06-07,Bills,UPI,Paid phone bill,2.87,95.51
2024-06-15,Insurance,UPI,Paid car insurance premium,33.08,525.08
2024-06-19,Groceries,UPI,Bought vegetables and fruits,1.47,957.92
2024-06-25,Investment,Credit Card,Invested in mutual funds,0.0,683.27
2024-06-13,Subscription,Debit Card,Renewed streaming service subscription,0.0,734.67
2024-06-15,Health,Debit Card,Paid for doctor consultation,0.0,502.06
2024-06-19,Stationery,UPI,Purchased office supplies,24.89,918.18
2024-06-04,Bills,UPI,Paid electricity bill,0.92,323.95
2024-06-14,Transaction,UPI,Sent money to relative,46.27,126.68
2024-06-06,Investment,Cash,Invested in bonds,0.0,414.59
2024-06-18,Subscription,Credit Card,Renewed streaming service subscription,0.0,620.51
2024-06-16,Bills,Debit Card,Paid phone bill,0.0,522.75
2024-06-09,Bills,Cash,Settled water bill,0.0,558.15
2024-06-09,Health,Debit Card,Bought medicine from pharmacy,0.0,827.34
2024-06-15,Transaction,Debit Card,Paid via online transfer,0.0,246.0
2024-06-07,Stationery,UPI,Purchased office supplies,30.97,927.16
2024-06-24,Stationery,UPI,Stationery shopping for school,40.26,647.78
2024-06-08,Health,UPI,Purchased vitamins and supplements,28.14,153.78
2024-06-11,Transaction,Cash,Sent money to relative,0.0,170.62
2024-06-07,Transaction,Credit Card,Transferred money to friend,0.0,966.04
2024-06-25,Insurance,UPI,Paid car insurance premium,37.6,218.3
2024-06-06,Stationery,UPI,Stationery shopping for school,17.49,247.72
2024-06-27,Insurance,Credit Card,Settled health insurance bill,0.0,559.96
2024-06-20,Health,Debit Card,Paid for doctor consultation,0.0,447.29
2024-06-19,Investment,UPI,Invested in mutual funds,24.27,611.23
2024-06-27,Health,UPI,Paid for doctor consultation,37.34,853.76
2024-06-01,Groceries,Debit Card,Purchased organic produce,0.0,498.26
2024-06-10,Health,Cash,Bought medicine from pharmacy,0.0,490.22
2024-06-13,Transaction,Cash,Transferred money to friend,0.0,510.38
2024-06-01,Transaction,Credit Card,Transferred money to friend,0.0,286.32
2024-06-23,Bills,Cash,Settled water bill,0.0,75.87
2024-06-09,Health,Credit Card,Purchased vitamins and supplements,0.0,489.85
2024-06-23,Groceries,UPI,Weekly grocery shopping,29.69,700.49
2024-06-20,Stationery,Credit Card,Stationery shopping for school,0.0,860.04
2024-06-21,Groceries,UPI,Weekly grocery shopping,47.77,368.38
2024-06-16,Health,Credit Card,Bought medicine from pharmacy,0.0,641.86
2024-06-08,Stationery,Credit Card,Bought pens and notebooks,0.0,463.33
2024-06-19,Insurance,UPI,Completed insurance renewal,38.11,54.47
2024-06-16,Subscription,Cash,Renewed streaming service subscription,0.0,141.83
2024-06-16,Transaction,Debit Card,Transferred money to friend,0.0,351.78
2024-06-27,Transaction,UPI,Paid via online transfer,19.11,851.46
2024-06-21,Investment,Credit Card,Invested in mutual funds,0.0,669.59
2024-06-08,Subscription,UPI,Subscribed to magazine,27.85,593.36
2024-06-10,Transaction,Cash,Paid via online transfer,0.0,87.76
2024-06-13,Subscription,Debit Card,Subscribed to magazine,0.0,293.51
2024-06-01,Insurance,Credit Card,Completed insurance renewal,0.0,485.82
2024-06-24,Health,Credit Card,Purchased vitamins and supplements,0.0,581.93
2024-06-13,Transaction,Debit Card,Paid via online transfer,0.0,999.72
2024-06-11,Investment,UPI,Purchased stocks,24.69,252.47
2024-06-14,Groceries,Cash,Weekly grocery shopping,0.0,665.82
2024-06-12,Health,Credit Card,Purchased vitamins and supplements,0.0,976.32
2024-06-09,Transaction,Debit Card,Paid via online transfer,0.0,554.2
2024-06-29,Stationery,Debit Card,Stationery shopping for school,0.0,803.53
2024-06-13,Groceries,UPI,Bought vegetables and fruits,30.95,475.52
2024-06-21,Bills,Cash,Paid electricity bill,0.0,95.78
2024-06-25,Stationery,Debit Card,Purchased office supplies,0.0,197.49
2024-06-12,Transaction,Debit Card,Paid via online transfer,0.0,319.31
2024-06-23,Investment,Debit Card,Invested in mutual funds,0.0,468.16
2024-06-27,Health,UPI,Bought medicine from pharmacy,4.77,611.54
2024-06-09,Stationery,Credit Card,Bought pens and notebooks,0.0,159.39
2024-06-17,Health,UPI,Purchased vitamins and supplements,31.79,38.95
2024-06-19,Groceries,Cash,Weekly grocery shopping,0.0,68.76
2024-06-16,Transaction,UPI,Paid via online transfer,36.3,911.21
2024-06-03,Stationery,Debit Card,Bought pens and notebooks,0.0,426.96
2024-06-28,Subscription,Cash,Bought gym membership subscription,0.0,51.61
2024-06-11,Bills,UPI,Settled water bill,34.29,735.5
2024-06-01,Stationery,Debit Card,Purchased office supplies,0.0,765.74
2024-06-15,Groceries,UPI,Purchased organic produce,26.42,615.09
2024-06-09,Subscription,Credit Card,Subscribed to magazine,0.0,293.95
2024-06-18,Bills,Credit Card,Paid phone bill,0.0,177.02
2024-06-03,Subscription,Credit Card,Bought gym membership subscription,0.0,405.24
2024-06-08,Health,UPI,Paid for doctor consultation,44.82,305.87
2024-06-18,Insurance,UPI,Completed insurance renewal,13.45,149.03
2024-06-26,Transaction,Cash,Transferred money to friend,0.0,397.7
2024-06-26,Investment,Cash,Purchased stocks,0.0,420.55
2024-06-04,Insurance,Credit Card,Settled health insurance bill,0.0,707.84
2024-06-22,Investment,UPI,Invested in bonds,0.19,352.75
2024-06-18,Health,Debit Card,Bought medicine from pharmacy,0.0,525.75
2024-06-03,Subscription,Debit Card,Renewed streaming service subscription,0.0,396.52
2024-06-12,Investment,Debit Card,Purchased stocks,0.0,122.7
2024-06-17,Stationery,UPI,Stationery shopping for school,19.51,254.3
2024-06-15,Insurance,UPI,Settled health insurance bill,13.92,31.28
2024-06-15,Bills,UPI,Paid electricity bill,38.32,691.27
2024-07-10,Subscription,Debit Card,Subscribed to magazine,0.0,858.66
2024-07-21,Investment,Debit Card,Purchased stocks,0.0,252.9
2024-07-25,Investment,Cash,Invested in bonds,0.0,100.38
2024-07-06,Stationery,Debit Card,Stationery shopping for school,0.0,770.63
2024-07-25,Insurance,Debit Card,Paid car insurance premium,0.0,476.52
2024-07-12,Investment,Cash,Invested in bonds,0.0,799.74
2024-07-05,Investment,Cash,Invested in mutual funds,0.0,65.62
2024-07-12,Stationery,Credit Card,Purchased office supplies,0.0,897.86
2024-07-05,Investment,UPI,Invested in bonds,13.39,75.08
2024-07-27,Health,Debit Card,Bought medicine from pharmacy,0.0,524.46
2024-07-09,Groceries,UPI,Weekly grocery shopping,13.07,459.94
2024-07-10,Investment,Cash,Invested in mutual funds,0.0,438.67
2024-07-13,Insurance,Cash,Settled health insurance bill,0.0,301.2
2024-07-21,Insurance,Cash,Settled health insurance bill,0.0,164.36
2024-07-13,Investment,UPI,Purchased stocks,37.14,657.36
2024-07-27,Transaction,UPI,Transferred money to friend,26.76,662.55
2024-07-03,Insurance,UPI,Completed insurance renewal,35.24,323.66
2024-07-07,Transaction,Cash,Transferred money to friend,0.0,155.74
2024-07-03,Subscription,Debit Card,Subscribed to magazine,0.0,226.3
2024-07-02,Groceries,Cash,Purchased organic produce,0.0,243.11
2024-07-14,Groceries,Debit Card,Bought vegetables and fruits,0.0,435.09
2024-07-22,Transaction,Cash,Transferred money to friend,0.0,851.37
2024-07-30,Stationery,Credit Card,Stationery shopping for school,0.0,546.5
2024-07-20,Investment,Credit Card,Invested in mutual funds,0.0,107.73
2024-07-19,Bills,Debit Card,Paid phone bill,0.0,993.49
2024-07-27,Investment,UPI,Invested in bonds,15.7,622.72
2024-07-03,Transaction,Cash,Paid via online transfer,0.0,575.23
2024-07-07,Bills,Debit Card,Settled water bill,0.0,313.71
2024-07-21,Transaction,Debit Card,Paid via online transfer,0.0,528.72
2024-07-18,Transaction,Credit Card,Paid via online transfer,0.0,837.52
2024-07-02,Investment,Cash,Invested in mutual funds,0.0,89.56
2024-07-30,Health,Credit Card,Paid for doctor consultation,0.0,570.48
2024-07-04,Health,Cash,Paid for doctor consultation,0.0,362.23
2024-07-08,Transaction,Debit Card,Paid via online transfer,0.0,505.98
2024-07-16,Insurance,Credit Card,Completed insurance renewal,0.0,394.03
2024-07-20,Groceries,UPI,Purchased organic produce,20.68,271.99
2024-07-08,Groceries,UPI,Bought vegetables and fruits,17.89,249.24
2024-07-19,Groceries,Credit Card,Bought vegetables and fruits,0.0,401.04
2024-07-25,Insurance,Credit Card,Settled health insurance bill,0.0,131.86
2024-07-18,Health,Debit Card,Paid for doctor consultation,0.0,256.48
2024-07-07,Bills,Cash,Settled water bill,0.0,638.46
2024-07-06,Investment,Cash,Purchased stocks,0.0,92.48
2024-07-18,Stationery,Credit Card,Stationery shopping for school,0.0,530.18
2024-07-29,Insurance,Cash,Settled health insurance bill,0.0,971.28
2024-07-18,Insurance,Cash,Paid car insurance premium,0.0,290.94
2024-07-02,Bills,UPI,Settled water bill,18.87,958.46
2024-07-13,Groceries,Debit Card,Weekly grocery shopping,0.0,737.46
2024-07-15,Health,UPI,Bought medicine from pharmacy,8.23,125.88
2024-07-23,Investment,Credit Card,Purchased stocks,0.0,665.25
2024-07-26,Stationery,Debit Card,Stationery shopping for school,0.0,218.65
2024-07-21,Health,Debit Card,Paid for doctor consultation,0.0,608.07
2024-07-23,Health,Cash,Paid for doctor consultation,0.0,547.24
2024-07-23,Transaction,Debit Card,Transferred money to friend,0.0,390.13
2024-07-04,Investment,Credit Card,Invested in mutual funds,0.0,395.02
2024-07-12,Investment,Debit Card,Invested in bonds,0.0,266.76
2024-07-25,Stationery,Cash,Purchased office supplies,0.0,817.78
2024-07-30,Stationery,Cash,Purchased office supplies,0.0,834.56
2024-07-12,Transaction,Debit Card,Sent money to relative,0.0,284.76
2024-07-21,Stationery,UPI,Purchased office supplies,13.0,240.22
2024-07-24,Groceries,Debit Card,Purchased organic produce,0.0,577.9
2024-07-24,Health,Cash,Bought medicine from pharmacy,0.0,336.3
2024-07-11,Groceries,Credit Card,Weekly grocery shopping,0.0,329.12
2024-07-02,Investment,UPI,Invested in mutual funds,49.96,589.24
2024-07-17,Investment,Debit Card,Purchased stocks,0.0,718.5
2024-07-01,Health,Credit Card,Purchased vitamins and supplements,0.0,264.19
2024-07-01,Insurance,Debit Card,Paid car insurance premium,0.0,686.17
2024-07-04,Bills,Credit Card,Settled water bill,0.0,829.3
2024-07-23,Stationery,Cash,Stationery shopping for school,0.0,584.76
2024-07-19,Transaction,Cash,Paid via online transfer,0.0,139.63
2024-07-06,Insurance,Debit Card,Completed insurance renewal,0.0,274.77
2024-07-11,Groceries,Debit Card,Bought vegetables and fruits,0.0,19.54
2024-07-03,Groceries,UPI,Purchased organic produce,12.77,734.03
2024-07-13,Groceries,Debit Card,Weekly grocery shopping,0.0,980.73
2024-07-21,Stationery,UPI,Bought pens and notebooks,8.71,95.86
2024-07-02,Insurance,Cash,Completed insurance renewal,0.0,336.68
2024-07-25,Subscription,Credit Card,Bought gym membership subscription,0.0,581.5
2024-07-21,Investment,Debit Card,Purchased stocks,0.0,940.32
2024-07-07,Groceries,Cash,Purchased organic produce,0.0,129.16
2024-07-24,Investment,Credit Card,Invested in bonds,0.0,486.56
2024-07-29,Subscription,Cash,Bought gym membership subscription,0.0,867.0
2024-07-03,Health,Cash,Paid for doctor consultation,0.0,693.03
2024-07-12,Investment,Debit Card,Invested in mutual funds,0.0,865.54
2024-07-25,Insurance,Credit Card,Paid car insurance premium,0.0,229.78
2024-07-20,Stationery,UPI,Bought pens and notebooks,42.54,886.99
2024-07-02,Groceries,Credit Card,Weekly grocery shopping,0.0,756.15
2024-07-07,Transaction,UPI,Sent money to relative,35.3,174.42
2024-07-03,Subscription,UPI,Bought gym membership subscription,15.78,618.57
2024-07-10,Subscription,Credit Card,Renewed streaming service subscription,0.0,370.39
2024-07-15,Investment,Debit Card,Invested in bonds,0.0,480.64
2024-07-07,Investment,Credit Card,Invested in mutual funds,0.0,809.83
2024-07-13,Stationery,Credit Card,Bought pens and notebooks,0.0,332.73
2024-07-16,Subscription,Credit Card,Subscribed to magazine,0.0,999.14
2024-07-20,Groceries,Cash,Weekly grocery shopping,0.0,519.05
2024-07-09,Stationery,Cash,Stationery shopping for school,0.0,240.9
2024-07-13,Investment,UPI,Invested in bonds,38.6,762.05
2024-07-04,Transaction,Credit Card,Paid via online transfer,0.0,857.97
2024-07-10,Groceries,Debit Card,Weekly grocery shopping,0.0,29.24
2024-07-05,Health,Debit Card,Bought medicine from pharmacy,0.0,42.0
2024-07-26,Health,Debit Card,Paid for doctor consultation,0.0,418.21
2024-07-22,Subscription,Cash,Subscribed to magazine,0.0,797.74
2024-08-29,Groceries,Debit Card,Purchased organic produce,0.0,362.93
2024-08-30,Subscription,Cash,Subscribed to magazine,0.0,730.3
2024-08-30,Subscription,UPI,Renewed streaming service subscription,22.21,996.99
2024-08-09,Groceries,Debit Card,Bought vegetables and fruits,0.0,562.12
2024-08-19,Bills,Cash,Paid electricity bill,0.0,485.36
2024-08-22,Groceries,Debit Card,Purchased organic produce,0.0,752.54
2024-08-04,Insurance,Credit Card,Paid car insurance premium,0.0,19.23
2024-08-26,Stationery,Cash,Bought pens and notebooks,0.0,20.96
2024-08-22,Groceries,Cash,Purchased organic produce,0.0,135.12
2024-08-07,Stationery,Cash,Stationery shopping for school,0.0,123.66
2024-08-21,Stationery,UPI,Bought pens and notebooks,11.1,729.93
2024-08-04,Health,UPI,Purchased vitamins and supplements,1.57,979.15
2024-08-22,Groceries,Cash,Purchased organic produce,0.0,477.91
2024-08-05,Investment,Cash,Invested in mutual funds,0.0,523.51
2024-08-16,Groceries,Debit Card,Bought vegetables and fruits,0.0,135.92
2024-08-20,Groceries,Debit Card,Bought vegetables and fruits,0.0,769.29
2024-08-07,Bills,Debit Card,Paid phone bill,0.0,823.64
2024-08-24,Investment,UPI,Invested in bonds,34.86,604.01
2024-08-04,Groceries,Credit Card,Bought vegetables and fruits,0.0,295.88
2024-08-15,Investment,Cash,Invested in bonds,0.0,742.16
2024-08-15,Transaction,Credit Card,Sent money to relative,0.0,381.18
2024-08-13,Investment,Cash,Invested in mutual funds,0.0,727.65
2024-08-23,Stationery,Credit Card,Stationery shopping for school,0.0,406.52
2024-08-02,Subscription,Debit Card,Bought gym membership subscription,0.0,866.73
2024-08-07,Bills,Cash,Settled water bill,0.0,682.5
2024-08-10,Bills,Cash,Paid phone bill,0.0,512.97
2024-08-23,Transaction,UPI,Sent money to relative,2.19,325.44
2024-08-02,Transaction,UPI,Paid via online transfer,1.11,224.85
2024-08-07,Subscription,Credit Card,Subscribed to magazine,0.0,834.1
2024-08-11,Stationery,Credit Card,Stationery shopping for school,0.0,148.69
2024-08-05,Insurance,Cash,Completed insurance renewal,0.0,309.7
2024-08-12,Groceries,Cash,Weekly grocery shopping,0.0,463.37
2024-08-08,Subscription,Debit Card,Renewed streaming service subscription,0.0,772.62
2024-08-09,Transaction,Cash,Paid via online transfer,0.0,792.36
2024-08-21,Insurance,UPI,Completed insurance renewal,14.86,316.33
2024-08-03,Subscription,Credit Card,Bought gym membership subscription,0.0,382.56
2024-08-20,Transaction,Debit Card,Transferred money to friend,0.0,811.13
2024-08-30,Groceries,Credit Card,Weekly grocery shopping,0.0,74.05
2024-08-17,Subscription,UPI,Renewed streaming service subscription,14.77,791.84
2024-08-06,Insurance,Debit Card,Completed insurance renewal,0.0,949.96
2024-08-02,Groceries,Cash,Bought vegetables and fruits,0.0,852.83
2024-08-03,Transaction,Credit Card,Sent money to relative,0.0,276.35
2024-08-16,Investment,Cash,Invested in bonds,0.0,131.98
2024-08-04,Bills,Cash,Settled water bill,0.0,960.86
2024-08-06,Insurance,Debit Card,Settled health insurance bill,0.0,823.6
2024-08-05,Health,Debit Card,Bought medicine from pharmacy,0.0,689.74
2024-08-11,Investment,Debit Card,Invested in mutual funds,0.0,487.33
2024-08-26,Transaction,Cash,Transferred money to friend,0.0,215.18
2024-08-04,Health,Cash,Bought medicine from pharmacy,0.0,743.02
2024-08-06,Stationery,UPI,Bought pens and notebooks,30.99,239.7
2024-08-07,Subscription,UPI,Bought gym membership subscription,39.52,44.62
2024-08-15,Subscription,Credit Card,Subscribed to magazine,0.0,877.96
2024-08-11,Transaction,Credit Card,Paid via online transfer,0.0,409.04
2024-08-15,Stationery,Debit Card,Purchased office supplies,0.0,11.49
2024-08-23,Stationery,Debit Card,Stationery shopping for school,0.0,909.88
2024-08-08,Investment,Credit Card,Purchased stocks,0.0,759.0
2024-08-27,Health,Cash,Purchased vitamins and supplements,0.0,649.29
2024-08-10,Insurance,Debit Card,Completed insurance renewal,0.0,239.77
2024-08-29,Insurance,Debit Card,Settled health insurance bill,0.0,110.81
2024-08-06,Investment,Credit Card,Purchased stocks,0.0,148.01
2024-08-24,Transaction,Credit Card,Transferred money to friend,0.0,472.16
2024-08-11,Subscription,Credit Card,Subscribed to magazine,0.0,615.33
2024-08-11,Stationery,Debit Card,Stationery shopping for school,0.0,112.25
2024-08-04,Health,Debit Card,Paid for doctor consultation,0.0,424.74
2024-08-30,Stationery,Cash,Purchased office supplies,0.0,134.99
2024-08-04,Insurance,UPI,Completed insurance renewal,34.52,70.11
2024-08-17,Transaction,Credit Card,Transferred money to friend,0.0,739.64
2024-08-16,Groceries,UPI,Bought vegetables and fruits,4.86,551.07
2024-08-27,Bills,Debit Card,Paid phone bill,0.0,811.76
2024-08-24,Groceries,UPI,Bought vegetables and fruits,40.05,424.91
2024-08-28,Groceries,Credit Card,Weekly grocery shopping,0.0,206.66
2024-08-06,Investment,Credit Card,Invested in bonds,0.0,474.57
2024-08-04,Bills,UPI,Paid phone bill,29.33,462.6
2024-08-07,Health,Cash,Purchased vitamins and supplements,0.0,357.51
2024-08-26,Insurance,UPI,Completed insurance renewal,13.54,172.54
2024-08-09,Stationery,UPI,Bought pens and notebooks,13.23,603.52
2024-08-21,Stationery,Debit Card,Stationery shopping for school,0.0,152.63
2024-08-20,Subscription,Cash,Renewed streaming service subscription,0.0,555.69
2024-08-13,Stationery,Cash,Bought pens and notebooks,0.0,40.61
2024-08-12,Investment,Cash,Purchased stocks,0.0,618.51
2024-08-10,Health,UPI,Paid for doctor consultation,27.06,79.37
2024-08-16,Health,Cash,Purchased vitamins and supplements,0.0,741.59
2024-08-18,Stationery,Credit Card,Stationery shopping for school,0.0,901.93
2024-08-28,Stationery,Debit Card,Bought pens and notebooks,0.0,593.54
2024-08-16,Transaction,Credit Card,Sent money to relative,0.0,271.78
2024-08-29,Groceries,Debit Card,Bought vegetables and fruits,0.0,828.39
2024-08-19,Subscription,Debit Card,Subscribed to magazine,0.0,881.1
2024-08-30,Health,Cash,Bought medicine from pharmacy,0.0,74.79
2024-08-23,Transaction,Debit Card,Paid via online transfer,0.0,817.3
2024-08-21,Stationery,UPI,Purchased office supplies,16.99,802.9
2024-08-29,Investment,Debit Card,Invested in bonds,0.0,712.25
2024-08-08,Health,Cash,Paid for doctor consultation,0.0,105.01
2024-08-27,Health,Debit Card,Purchased vitamins and supplements,0.0,390.54
2024-08-07,Groceries,Cash,Purchased organic produce,0.0,870.27
2024-08-30,Stationery,Debit Card,Purchased office supplies,0.0,756.8
2024-08-19,Subscription,Cash,Bought gym membership subscription,0.0,336.36
2024-08-23,Groceries,Debit Card,Weekly grocery shopping,0.0,576.25
2024-08-09,Groceries,Debit Card,Weekly grocery shopping,0.0,304.71
2024-08-19,Insurance,Debit Card,Paid car insurance premium,0.0,860.55
2024-08-15,Transaction,Cash,Sent money to relative,0.0,803.23
2024-09-14,Groceries,UPI,Purchased organic produce,0.99,318.68
2024-09-16,Insurance,Credit Card,Paid car insurance premium,0.0,247.72
2024-09-17,Transaction,UPI,Sent money to relative,25.95,213.74
2024-09-16,Health,Debit Card,Bought medicine from pharmacy,0.0,567.1
2024-09-05,Stationery,Credit Card,Purchased office supplies,0.0,957.57
2024-09-09,Subscription,UPI,Bought gym membership subscription,49.32,437.06
2024-09-12,Investment,Credit Card,Invested in bonds,0.0,530.97
2024-09-15,Subscription,Debit Card,Subscribed to magazine,0.0,579.27
2024-09-02,Insurance,UPI,Completed insurance renewal,6.8,168.21
2024-09-12,Transaction,Debit Card,Transferred money to friend,0.0,539.08
2024-09-15,Investment,Credit Card,Purchased stocks,0.0,734.47
2024-09-28,Bills,Cash,Paid electricity bill,0.0,869.41
2024-09-08,Subscription,Debit Card,Renewed streaming service subscription,0.0,938.29
2024-09-01,Groceries,Cash,Bought vegetables and fruits,0.0,370.08
2024-09-07,Stationery,Debit Card,Purchased office supplies,0.0,566.37
2024-09-21,Bills,Credit Card,Paid electricity bill,0.0,435.31
2024-09-03,Health,Credit Card,Bought medicine from pharmacy,0.0,550.91
2024-09-10,Groceries,Credit Card,Purchased organic produce,0.0,779.63
2024-09-18,Subscription,Credit Card,Subscribed to magazine,0.0,218.5
2024-09-05,Subscription,UPI,Subscribed to magazine,49.22,771.65
2024-09-22,Health,Credit Card,Purchased vitamins and supplements,0.0,682.69
2024-09-06,Insurance,Cash,Settled health insurance bill,0.0,929.41
2024-09-01,Groceries,Credit Card,Bought vegetables and fruits,0.0,421.25
2024-09-25,Subscription,Cash,Subscribed to magazine,0.0,86.73
2024-09-20,Insurance,Cash,Settled health insurance bill,0.0,637.67
2024-09-21,Groceries,Debit Card,Weekly grocery shopping,0.0,189.18
2024-09-09,Health,UPI,Purchased vitamins and supplements,4.37,999.8
2024-09-29,Health,Debit Card,Bought medicine from pharmacy,0.0,958.75
2024-09-07,Groceries,UPI,Bought vegetables and fruits,25.05,381.5
2024-09-01,Health,Cash,Purchased vitamins and supplements,0.0,444.67
2024-09-23,Investment,Cash,Invested in mutual funds,0.0,841.78
2024-09-22,Investment,Cash,Purchased stocks,0.0,810.2
2024-09-02,Transaction,Credit Card,Transferred money to friend,0.0,55.36
2024-09-08,Bills,Cash,Paid phone bill,0.0,839.38
2024-09-07,Subscription,UPI,Renewed streaming service subscription,22.26,386.98
2024-09-07,Transaction,Debit Card,Sent money to relative,0.0,480.57
2024-09-27,Stationery,UPI,Purchased office supplies,21.83,469.74
2024-09-01,Health,Debit Card,Bought medicine from pharmacy,0.0,136.97
2024-09-16,Groceries,Credit Card,Bought vegetables and fruits,0.0,802.28
2024-09-13,Transaction,Debit Card,Sent money to relative,0.0,195.22
2024-09-23,Subscription,Cash,Bought gym membership subscription,0.0,147.96
2024-09-03,Insurance,UPI,Settled health insurance bill,27.89,560.79
2024-09-27,Health,Credit Card,Paid for doctor consultation,0.0,779.33
2024-09-15,Investment,Credit Card,Invested in bonds,0.0,586.98
2024-09-27,Health,UPI,Bought medicine from pharmacy,7.73,396.68
2024-09-10,Health,UPI,Bought medicine from pharmacy,14.94,843.88
2024-09-04,Investment,UPI,Purchased stocks,20.79,966.88
2024-09-07,Health,UPI,Purchased vitamins and supplements,24.78,696.08
2024-09-06,Stationery,Debit Card,Bought pens and notebooks,0.0,53.21
2024-09-17,Stationery,UPI,Bought pens and notebooks,12.99,880.21
2024-09-09,Subscription,Debit Card,Renewed streaming service subscription,0.0,847.3
2024-09-04,Bills,Cash,Paid electricity bill,0.0,457.07
2024-09-05,Health,Debit Card,Bought medicine from pharmacy,0.0,476.33
2024-09-21,Health,Cash,Bought medicine from pharmacy,0.0,818.51
2024-09-28,Groceries,Cash,Purchased organic produce,0.0,977.66
2024-09-25,Transaction,Debit Card,Transferred money to friend,0.0,792.54
2024-09-07,Transaction,Cash,Paid via online transfer,0.0,27.17
2024-09-03,Subscription,Cash,Bought gym membership subscription,0.0,560.89
2024-09-12,Investment,Credit Card,Purchased stocks,0.0,783.48
2024-09-02,Stationery,Cash,Purchased office supplies,0.0,684.58
2024-09-18,Investment,Credit Card,Invested in bonds,0.0,20.79
2024-09-09,Subscription,Credit Card,Renewed streaming service subscription,0.0,887.86
2024-09-06,Subscription,Cash,Renewed streaming service subscription,0.0,630.47
2024-09-18,Groceries,Debit Card,Bought vegetables and fruits,0.0,467.46
2024-09-02,Bills,UPI,Settled water bill,21.02,435.56
2024-09-18,Bills,Debit Card,Settled water bill,0.0,262.85
2024-09-20,Transaction,UPI,Paid via online transfer,8.7,548.56
2024-09-13,Health,UPI,Bought medicine from pharmacy,11.95,185.01
2024-09-15,Investment,UPI,Invested in bonds,28.55,184.46
2024-09-07,Health,Debit Card,Purchased vitamins and supplements,0.0,688.86
2024-09-25,Subscription,Debit Card,Subscribed to magazine,0.0,488.77
2024-09-29,Transaction,Debit Card,Paid via online transfer,0.0,654.02
2024-09-13,Stationery,Debit Card,Bought pens and notebooks,0.0,495.1
2024-09-03,Transaction,Debit Card,Paid via online transfer,0.0,354.35
2024-09-11,Stationery,UPI,Purchased office supplies,30.84,911.02
2024-09-13,Bills,Cash,Paid phone bill,0.0,883.88
2024-09-25,Health,Cash,Paid for doctor consultation,0.0,795.86
2024-09-19,Subscription,UPI,Subscribed to magazine,46.28,750.95
2024-09-09,Investment,Debit Card,Invested in mutual funds,0.0,440.93
2024-09-28,Groceries,UPI,Bought vegetables and fruits,40.71,654.69
2024-09-27,Health,Credit Card,Purchased vitamins and supplements,0.0,189.01
2024-09-06,Insurance,Credit Card,Settled health insurance bill,0.0,53.8
2024-09-27,Subscription,Debit Card,Subscribed to magazine,0.0,149.5
2024-09-10,Investment,Debit Card,Invested in mutual funds,0.0,115.2
2024-09-27,Stationery,UPI,Bought pens and notebooks,34.26,361.52
2024-09-26,Groceries,UPI,Bought vegetables and fruits,15.15,226.18
2024-09-24,Bills,Cash,Paid electricity bill,0.0,615.23
2024-09-17,Insurance,UPI,Completed insurance renewal,38.07,150.86
2024-09-03,Groceries,UPI,Weekly grocery shopping,25.09,920.15
2024-09-29,Subscription,Cash,Subscribed to magazine,0.0,534.87
2024-09-26,Investment,Credit Card,Invested in mutual funds,0.0,593.57
2024-09-12,Bills,Credit Card,Settled water bill,0.0,553.39
2024-09-08,Health,Credit Card,Purchased vitamins and supplements,0.0,854.17
2024-09-23,Investment,Debit Card,Invested in bonds,0.0,550.67
2024-09-04,Insurance,Cash,Paid car insurance premium,0.0,757.4
2024-09-14,Groceries,Credit Card,Purchased organic produce,0.0,391.65
2024-09-06,Transaction,Debit Card,Transferred money to friend,0.0,815.21
2024-09-24,Subscription,Debit Card,Subscribed to magazine,0.0,605.98
2024-09-21,Bills,Credit Card,Settled water bill,0.0,309.53
2024-09-28,Bills,Credit Card,Paid phone bill,0.0,768.21
2024-10-22,Stationery,Debit Card,Purchased office supplies,0.0,628.23
2024-10-12,Health,Credit Card,Paid for doctor consultation,0.0,930.84
2024-10-11,Stationery,Cash,Bought pens and notebooks,0.0,933.54
2024-10-08,Insurance,Debit Card,Settled health insurance bill,0.0,146.42
2024-10-10,Transaction,UPI,Sent money to relative,25.58,871.26
2024-10-29,Groceries,Debit Card,Purchased organic produce,0.0,784.77
2024-10-17,Groceries,UPI,Weekly grocery shopping,15.49,574.38
2024-10-28,Bills,Debit Card,Paid electricity bill,0.0,288.8
2024-10-12,Groceries,Cash,Weekly grocery shopping,0.0,410.69
2024-10-01,Health,Debit Card,Bought medicine from pharmacy,0.0,591.71
2024-10-24,Subscription,Debit Card,Renewed streaming service subscription,0.0,117.53
2024-10-06,Transaction,Credit Card,Paid via online transfer,0.0,282.28
2024-10-26,Transaction,Cash,Sent money to relative,0.0,366.89
2024-10-14,Stationery,Credit Card,Bought pens and notebooks,0.0,651.68
2024-10-04,Transaction,Debit Card,Transferred money to friend,0.0,137.52
2024-10-09,Subscription,Debit Card,Bought gym membership subscription,0.0,514.75
2024-10-30,Stationery,Cash,Purchased office supplies,0.0,98.91
2024-10-12,Insurance,Cash,Completed insurance renewal,0.0,674.09
2024-10-23,Transaction,UPI,Transferred money to friend,24.42,821.52
2024-10-03,Insurance,Credit Card,Paid car insurance premium,0.0,13.13
2024-10-18,Bills,Debit Card,Settled water bill,0.0,700.03
2024-10-28,Health,Credit Card,Purchased vitamins and supplements,0.0,393.43
2024-10-21,Subscription,UPI,Bought gym membership subscription,11.95,314.28
2024-10-29,Stationery,Cash,Purchased office supplies,0.0,540.52
2024-10-29,Groceries,Debit Card,Weekly grocery shopping,0.0,879.99
2024-10-26,Groceries,Debit Card,Bought vegetables and fruits,0.0,652.55
2024-10-03,Transaction,Debit Card,Transferred money to friend,0.0,78.97
2024-10-05,Insurance,Cash,Settled health insurance bill,0.0,206.81
2024-10-22,Insurance,UPI,Paid car insurance premium,2.9,718.97
2024-10-25,Subscription,Debit Card,Subscribed to magazine,0.0,387.19
2024-10-22,Insurance,Credit Card,Paid car insurance premium,0.0,876.11
2024-10-11,Health,UPI,Bought medicine from pharmacy,38.5,303.83
2024-10-19,Health,UPI,Bought medicine from pharmacy,31.85,114.22
2024-10-10,Transaction,Debit Card,Paid via online transfer,0.0,185.69
2024-10-11,Groceries,Credit Card,Weekly grocery shopping,0.0,906.09
2024-10-19,Bills,UPI,Paid phone bill,36.04,177.14
2024-10-21,Investment,Credit Card,Invested in mutual funds,0.0,437.83
2024-10-03,Insurance,Debit Card,Completed insurance renewal,0.0,546.93
2024-10-20,Transaction,Credit Card,Paid via online transfer,0.0,897.9
2024-10-12,Investment,Debit Card,Invested in mutual funds,0.0,679.68
2024-10-02,Bills,UPI,Paid phone bill,41.51,539.14
2024-10-11,Transaction,Credit Card,Transferred money to friend,0.0,191.62
2024-10-24,Health,UPI,Paid for doctor consultation,19.12,356.31
2024-10-10,Subscription,UPI,Renewed streaming service subscription,17.25,849.31
2024-10-08,Bills,UPI,Settled water bill,10.66,135.12
2024-10-27,Groceries,UPI,Purchased organic produce,34.06,70.46
2024-10-10,Subscription,Debit Card,Subscribed to magazine,0.0,273.47
2024-10-27,Health,UPI,Paid for doctor consultation,7.01,845.32
2024-10-30,Health,Cash,Purchased vitamins and supplements,0.0,726.32
2024-10-25,Health,Debit Card,Paid for doctor consultation,0.0,448.43
2024-10-21,Stationery,Cash,Stationery shopping for school,0.0,788.35
2024-10-09,Stationery,Cash,Purchased office supplies,0.0,964.67
2024-10-12,Health,Debit Card,Bought medicine from pharmacy,0.0,512.34
2024-10-05,Subscription,UPI,Bought gym membership subscription,24.46,564.39
2024-10-30,Insurance,Debit Card,Settled health insurance bill,0.0,630.04
2024-10-27,Transaction,Credit Card,Paid via online transfer,0.0,571.96
2024-10-26,Health,Cash,Purchased vitamins and supplements,0.0,445.26
2024-10-22,Transaction,UPI,Paid via online transfer,49.3,393.79
2024-10-02,Insurance,UPI,Completed insurance renewal,10.27,173.12
2024-10-06,Transaction,UPI,Transferred money to friend,15.61,560.77
2024-10-10,Subscription,Debit Card,Renewed streaming service subscription,0.0,349.73
2024-10-08,Investment,UPI,Invested in bonds,45.13,816.87
2024-10-23,Subscription,UPI,Subscribed to magazine,11.5,979.87
2024-10-20,Groceries,Debit Card,Bought vegetables and fruits,0.0,12.15
2024-10-27,Groceries,Credit Card,Weekly grocery shopping,0.0,654.26
2024-10-08,Insurance,Cash,Completed insurance renewal,0.0,628.54
2024-10-13,Health,Credit Card,Bought medicine from pharmacy,0.0,245.83
2024-10-15,Transaction,Cash,Transferred money to friend,0.0,798.45
2024-10-04,Subscription,Debit Card,Subscribed to magazine,0.0,159.8
2024-10-28,Health,Debit Card,Paid for doctor consultation,0.0,314.71
2024-10-22,Stationery,UPI,Bought pens and notebooks,7.85,982.43
2024-10-06,Subscription,Debit Card,Renewed streaming service subscription,0.0,35.65
2024-10-19,Bills,Debit Card,Paid electricity bill,0.0,728.42
2024-10-11,Investment,UPI,Purchased stocks,11.2,84.73
2024-10-06,Bills,UPI,Paid phone bill,6.12,587.07
2024-10-04,Stationery,Cash,Bought pens and notebooks,0.0,253.49
2024-10-22,Insurance,Debit Card,Settled health insurance bill,0.0,209.77
2024-10-13,Bills,Cash,Paid electricity bill,0.0,680.51
2024-10-23,Health,Cash,Bought medicine from pharmacy,0.0,361.34
2024-10-28,Bills,Cash,Settled water bill,0.0,942.44
2024-10-04,Health,Debit Card,Bought medicine from pharmacy,0.0,27.94
2024-10-03,Groceries,UPI,Purchased organic produce,3.13,413.43
2024-10-19,Investment,Cash,Invested in mutual funds,0.0,149.56
2024-10-24,Stationery,UPI,Purchased office supplies,30.28,142.25
2024-10-06,Stationery,Debit Card,Stationery shopping for school,0.0,942.76
2024-10-22,Bills,Credit Card,Settled water bill,0.0,581.05
2024-10-22,Insurance,Cash,Paid car insurance premium,0.0,934.2
2024-10-13,Stationery,UPI,Purchased office supplies,27.14,291.55
2024-10-18,Investment,Credit Card,Invested in mutual funds,0.0,50.54
2024-10-30,Bills,Cash,Settled water bill,0.0,976.35
2024-10-02,Groceries,Cash,Bought vegetables and fruits,0.0,798.65
2024-10-28,Health,UPI,Bought medicine from pharmacy,11.64,151.25
2024-10-06,Transaction,UPI,Transferred money to friend,12.08,485.2
2024-10-19,Insurance,Debit Card,Settled health insurance bill,0.0,522.14
2024-10-21,Groceries,Cash,Weekly grocery shopping,0.0,143.95
2024-10-08,Stationery,Cash,Purchased office supplies,0.0,958.01
2024-10-22,Health,Credit Card,Bought medicine from pharmacy,0.0,227.32
2024-10-29,Stationery,UPI,Purchased office supplies,44.95,151.16
2024-10-28,Subscription,Debit Card,Subscribed to magazine,0.0,423.43
2024-10-15,Investment,Debit Card,Invested in bonds,0.0,809.02
2024-11-16,Groceries,Debit Card,Weekly grocery shopping,0.0,457.26
2024-11-25,Insurance,Cash,Settled health insurance bill,0.0,673.0
2024-11-21,Stationery,Debit Card,Stationery shopping for school,0.0,42.15
2024-11-07,Health,Credit Card,Paid for doctor consultation,0.0,923.59
2024-11-12,Subscription,Cash,Bought gym membership subscription,0.0,383.88
2024-11-12,Groceries,Credit Card,Weekly grocery shopping,0.0,307.16
2024-11-22,Bills,UPI,Settled water bill,7.97,586.94
2024-11-02,Insurance,UPI,Settled health insurance bill,7.6,470.39
2024-11-01,Transaction,UPI,Transferred money to friend,46.2,485.17
2024-11-07,Groceries,UPI,Weekly grocery shopping,10.0,442.08
2024-11-23,Insurance,Cash,Settled health insurance bill,0.0,387.61
2024-11-20,Groceries,Cash,Weekly grocery shopping,0.0,99.73
2024-11-03,Transaction,Debit Card,Sent money to relative,0.0,71.41
2024-11-12,Investment,Debit Card,Purchased stocks,0.0,663.6
2024-11-19,Investment,UPI,Purchased stocks,27.81,828.96
2024-11-23,Groceries,Cash,Purchased organic produce,0.0,885.57
2024-11-14,Subscription,UPI,Subscribed to magazine,19.97,414.63
2024-11-05,Bills,Debit Card,Settled water bill,0.0,254.49
2024-11-14,Subscription,Cash,Renewed streaming service subscription,0.0,447.88
2024-11-22,Transaction,Credit Card,Sent money to relative,0.0,786.36
2024-11-10,Subscription,Credit Card,Bought gym membership subscription,0.0,600.14
2024-11-23,Subscription,Cash,Subscribed to magazine,0.0,357.25
2024-11-08,Insurance,UPI,Settled health insurance bill,11.83,16.38
2024-11-12,Investment,UPI,Invested in mutual funds,26.31,757.09
2024-11-06,Health,Cash,Bought medicine from pharmacy,0.0,670.87
2024-11-18,Bills,Cash,Paid phone bill,0.0,31.38
2024-11-01,Health,Debit Card,Paid for doctor consultation,0.0,972.67
2024-11-20,Transaction,Cash,Paid via online transfer,0.0,560.0
2024-11-18,Investment,Debit Card,Invested in mutual funds,0.0,495.18
2024-11-18,Bills,Credit Card,Settled water bill,0.0,925.66
2024-11-01,Transaction,Cash,Paid via online transfer,0.0,394.85
2024-11-15,Groceries,UPI,Bought vegetables and fruits,12.7,185.67
2024-11-11,Groceries,Cash,Purchased organic produce,0.0,772.09
2024-11-11,Investment,Debit Card,Invested in mutual funds,0.0,648.55
2024-11-18,Subscription,Cash,Bought gym membership subscription,0.0,305.0
2024-11-05,Stationery,Credit Card,Bought pens and notebooks,0.0,557.31
2024-11-12,Insurance,Debit Card,Settled health insurance bill,0.0,265.66
2024-11-10,Subscription,Credit Card,Subscribed to magazine,0.0,613.08
2024-11-02,Investment,Debit Card,Invested in bonds,0.0,855.25
2024-11-18,Investment,Credit Card,Invested in bonds,0.0,620.82
2024-11-02,Groceries,Credit Card,Weekly grocery shopping,0.0,555.13
2024-11-17,Investment,Cash,Invested in mutual funds,0.0,358.08
2024-11-07,Investment,Cash,Invested in bonds,0.0,479.53
2024-11-19,Health,Credit Card,Purchased vitamins and supplements,0.0,652.45
2024-11-26,Transaction,Cash,Transferred money to friend,0.0,291.87
2024-11-21,Insurance,Cash,Completed insurance renewal,0.0,281.24
2024-11-13,Stationery,UPI,Bought pens and notebooks,26.0,739.58
2024-11-08,Transaction,Debit Card,Sent money to relative,0.0,474.33
2024-11-18,Insurance,Credit Card,Paid car insurance premium,0.0,446.96
2024-11-23,Groceries,Cash,Bought vegetables and fruits,0.0,358.87
2024-11-10,Groceries,UPI,Weekly grocery shopping,18.35,492.2
2024-11-26,Insurance,Debit Card,Paid car insurance premium,0.0,657.41
2024-11-20,Insurance,Cash,Completed insurance renewal,0.0,802.71
2024-11-22,Investment,Credit Card,Invested in bonds,0.0,126.14
2024-11-02,Groceries,UPI,Bought vegetables and fruits,2.69,573.79
2024-11-12,Insurance,UPI,Settled health insurance bill,36.44,121.68
2024-11-17,Insurance,UPI,Paid car insurance premium,0.1,980.48
2024-11-05,Investment,Credit Card,Invested in mutual funds,0.0,262.18
2024-11-10,Groceries,UPI,Purchased organic produce,18.66,574.53
2024-11-19,Subscription,UPI,Bought gym membership subscription,48.12,818.39
2024-11-16,Investment,UPI,Invested in bonds,40.52,852.26
2024-11-05,Groceries,Cash,Weekly grocery shopping,0.0,391.08
2024-11-28,Transaction,Debit Card,Transferred money to friend,0.0,331.65
2024-11-22,Investment,UPI,Invested in bonds,20.35,926.08
2024-11-23,Subscription,Debit Card,Renewed streaming service subscription,0.0,316.64
2024-11-03,Investment,Credit Card,Invested in mutual funds,0.0,469.2
2024-11-25,Investment,Cash,Purchased stocks,0.0,884.46
2024-11-22,Investment,UPI,Invested in bonds,14.82,218.97
2024-11-21,Health,Debit Card,Paid for doctor consultation,0.0,522.28
2024-11-24,Bills,UPI,Paid phone bill,12.56,771.71
2024-11-01,Bills,Credit Card,Paid electricity bill,0.0,877.29
2024-11-19,Bills,Debit Card,Paid electricity bill,0.0,826.27
2024-11-19,Stationery,Credit Card,Bought pens and notebooks,0.0,40.97
2024-11-02,Bills,UPI,Paid electricity bill,24.11,858.03
2024-11-29,Stationery,Credit Card,Purchased office supplies,0.0,792.1
2024-11-24,Insurance,UPI,Paid car insurance premium,47.84,817.01
2024-11-22,Bills,Credit Card,Paid electricity bill,0.0,377.24
2024-11-03,Transaction,Debit Card,Sent money to relative,0.0,607.75
2024-11-01,Stationery,Cash,Purchased office supplies,0.0,604.18
2024-11-11,Investment,Credit Card,Invested in bonds,0.0,593.67
2024-11-15,Insurance,UPI,Paid car insurance premium,23.46,661.09
2024-11-24,Stationery,UPI,Bought pens and notebooks,24.43,447.06
2024-11-21,Subscription,UPI,Subscribed to magazine,2.08,125.52
2024-11-10,Stationery,UPI,Bought pens and notebooks,17.94,281.59
2024-11-25,Subscription,UPI,Bought gym membership subscription,19.21,669.75
2024-11-03,Investment,Credit Card,Invested in mutual funds,0.0,461.72
2024-11-23,Subscription,Cash,Renewed streaming service subscription,0.0,45.94
2024-11-23,Bills,Debit Card,Settled water bill,0.0,452.25
2024-11-14,Stationery,Credit Card,Purchased office supplies,0.0,397.7
2024-11-06,Transaction,UPI,Transferred money to friend,23.11,656.5
2024-11-06,Transaction,Credit Card,Sent money to relative,0.0,82.56
2024-11-13,Subscription,Cash,Renewed streaming service subscription,0.0,741.63
2024-11-19,Subscription,Debit Card,Subscribed to magazine,0.0,188.1
2024-11-16,Investment,UPI,Invested in bonds,32.34,775.59
2024-11-08,Transaction,Cash,Paid via online transfer,0.0,281.01
2024-11-01,Insurance,UPI,Completed insurance renewal,6.67,687.82
2024-11-20,Bills,Cash,Settled water bill,0.0,348.69
2024-11-20,Subscription,UPI,Subscribed to magazine,29.46,814.77
2024-11-25,Bills,Debit Card,Settled water bill,0.0,639.27
2024-11-17,Health,Credit Card,Bought medicine from pharmacy,0.0,446.83
2024-12-17,Bills,Debit Card,Paid electricity bill,0.0,422.89
2024-12-12,Transaction,Cash,Paid via online transfer,0.0,542.21
2024-12-25,Insurance,Credit Card,Completed insurance renewal,0.0,461.84
2024-12-01,Investment,Cash,Invested in bonds,0.0,320.32
2024-12-01,Health,Cash,Purchased vitamins and supplements,0.0,404.54
2024-12-11,Groceries,Cash,Purchased organic produce,0.0,819.6
2024-12-07,Subscription,Debit Card,Renewed streaming service subscription,0.0,707.76
2024-12-07,Insurance,Debit Card,Settled health insurance bill,0.0,295.78
2024-12-24,Health,Credit Card,Purchased vitamins and supplements,0.0,333.37
2024-12-02,Investment,Debit Card,Invested in bonds,0.0,480.48
2024-12-24,Bills,UPI,Settled water bill,12.77,422.3
2024-12-09,Transaction,UPI,Paid via online transfer,47.78,822.72
2024-12-08,Investment,Credit Card,Invested in bonds,0.0,505.47
2024-12-30,Investment,Credit Card,Invested in bonds,0.0,805.56
2024-12-23,Groceries,Debit Card,Purchased organic produce,0.0,568.56
2024-12-25,Insurance,Debit Card,Completed insurance renewal,0.0,300.9
2024-12-23,Investment,Credit Card,Invested in bonds,0.0,541.34
2024-12-08,Transaction,UPI,Sent money to relative,36.54,662.68
2024-12-03,Bills,Credit Card,Paid phone bill,0.0,776.59
2024-12-15,Transaction,Credit Card,Transferred money to friend,0.0,903.84
2024-12-08,Health,Credit Card,Paid for doctor consultation,0.0,575.06
2024-12-14,Insurance,Credit Card,Completed insurance renewal,0.0,25.59
2024-12-21,Transaction,Credit Card,Transferred money to friend,0.0,657.88
2024-12-01,Investment,UPI,Invested in mutual funds,43.34,43.0
2024-12-19,Stationery,Credit Card,Bought pens and notebooks,0.0,206.67
2024-12-22,Bills,Credit Card,Paid phone bill,0.0,124.26
2024-12-11,Stationery,Debit Card,Stationery shopping for school,0.0,719.92
2024-12-21,Groceries,Credit Card,Bought vegetables and fruits,0.0,135.2
2024-12-08,Subscription,Cash,Subscribed to magazine,0.0,916.01
2024-12-30,Health,Cash,Paid for doctor consultation,0.0,328.95
2024-12-05,Insurance,Credit Card,Settled health insurance bill,0.0,416.92
2024-12-13,Groceries,UPI,Purchased organic produce,40.83,594.67
2024-12-22,Investment,Debit Card,Purchased stocks,0.0,814.75
2024-12-27,Stationery,Debit Card,Stationery shopping for school,0.0,887.77
2024-12-09,Transaction,Debit Card,Transferred money to friend,0.0,927.14
2024-12-27,Stationery,Cash,Purchased office supplies,0.0,654.32
2024-12-29,Insurance,Debit Card,Paid car insurance premium,0.0,473.09
2024-12-08,Bills,Cash,Paid phone bill,0.0,417.61
2024-12-29,Investment,Debit Card,Invested in bonds,0.0,50.64
2024-12-17,Bills,Cash,Settled water bill,0.0,946.58
2024-12-08,Bills,Cash,Settled water bill,0.0,703.09
2024-12-03,Transaction,Credit Card,Transferred money to friend,0.0,169.26
2024-12-22,Investment,UPI,Invested in bonds,20.91,112.53
2024-12-13,Insurance,Cash,Paid car insurance premium,0.0,662.01
2024-12-15,Groceries,Cash,Weekly grocery shopping,0.0,792.38
2024-12-26,Groceries,Debit Card,Purchased organic produce,0.0,374.63
2024-12-03,Transaction,Cash,Paid via online transfer,0.0,297.02
2024-12-06,Insurance,Debit Card,Paid car insurance premium,0.0,224.24
2024-12-23,Groceries,UPI,Weekly grocery shopping,35.23,655.11
2024-12-30,Stationery,Debit Card,Stationery shopping for school,0.0,205.93
2024-12-21,Health,Debit Card,Purchased vitamins and supplements,0.0,299.75
2024-12-05,Groceries,Debit Card,Bought vegetables and fruits,0.0,46.38
2024-12-22,Bills,Credit Card,Paid phone bill,0.0,963.4
2024-12-15,Insurance,Cash,Settled health insurance bill,0.0,734.37
2024-12-17,Insurance,UPI,Paid car insurance premium,16.23,612.08
2024-12-14,Investment,Debit Card,Invested in bonds,0.0,112.95
2024-12-28,Investment,Cash,Invested in mutual funds,0.0,29.52
2024-12-09,Groceries,Credit Card,Weekly grocery shopping,0.0,923.93
2024-12-05,Health,Credit Card,Bought medicine from pharmacy,0.0,428.6
2024-12-07,Groceries,UPI,Bought vegetables and fruits,25.09,50.07
2024-12-13,Subscription,Debit Card,Renewed streaming service subscription,0.0,726.07
2024-12-01,Bills,Cash,Paid electricity bill,0.0,871.06
2024-12-17,Insurance,UPI,Completed insurance renewal,15.63,258.5
2024-12-08,Investment,Debit Card,Purchased stocks,0.0,921.76
2024-12-29,Insurance,Credit Card,Completed insurance renewal,0.0,94.66
2024-12-27,Transaction,UPI,Sent money to relative,38.5,139.16
2024-12-20,Stationery,Credit Card,Purchased office supplies,0.0,692.03
2024-12-17,Health,UPI,Bought medicine from pharmacy,34.1,165.87
2024-12-26,Subscription,Cash,Bought gym membership subscription,0.0,244.06
2024-12-13,Insurance,Cash,Settled health insurance bill,0.0,400.81
2024-12-06,Transaction,UPI,Paid via online transfer,32.22,41.22
2024-12-05,Investment,Credit Card,Invested in mutual funds,0.0,611.29
2024-12-27,Subscription,Debit Card,Subscribed to magazine,0.0,262.88
2024-12-28,Subscription,Cash,Renewed streaming service subscription,0.0,424.35
2024-12-13,Insurance,Debit Card,Completed insurance renewal,0.0,167.6
2024-12-19,Subscription,Debit Card,Bought gym membership subscription,0.0,619.86
2024-12-13,Health,Debit Card,Bought medicine from pharmacy,0.0,304.62
2024-12-07,Stationery,Debit Card,Stationery shopping for school,0.0,92.42
2024-12-12,Stationery,Credit Card,Bought pens and notebooks,0.0,272.47
2024-12-28,Subscription,UPI,Bought gym membership subscription,35.61,799.57
2024-12-13,Bills,Cash,Settled water bill,0.0,583.5
2024-12-20,Investment,UPI,Invested in mutual funds,46.63,298.57
2024-12-18,Groceries,Credit Card,Weekly grocery shopping,0.0,879.24
2024-12-17,Groceries,Debit Card,Bought vegetables and fruits,0.0,375.69
2024-12-21,Investment,Cash,Invested in bonds,0.0,515.15
2024-12-20,Insurance,Cash,Paid car insurance premium,0.0,434.19
2024-12-24,Investment,Debit Card,Invested in bonds,0.0,627.63
2024-12-03,Investment,UPI,Invested in mutual funds,2.15,805.96
2024-12-20,Bills,Cash,Settled water bill,0.0,946.5
2024-12-18,Subscription,Debit Card,Renewed streaming service subscription,0.0,445.52
2024-12-08,Subscription,UPI,Bought gym membership subscription,21.49,915.29
2024-12-16,Health,Credit Card,Purchased vitamins and supplements,0.0,223.18
2024-12-21,Bills,Debit Card,Paid electricity bill,0.0,54.39
2024-12-05,Transaction,Credit Card,Transferred money to friend,0.0,906.72
2024-12-28,Stationery,Debit Card,Purchased office supplies,0.0,338.19
2024-12-23,Transaction,Cash,Transferred money to friend,0.0,480.85
2024-12-14,Transaction,Cash,Transferred money to friend,0.0,31.04
2024-12-09,Insurance,UPI,Settled health insurance bill,47.7,34.33
2024-12-04,Subscription,Debit Card,Subscribed to magazine,0.0,799.25
2024-12-06,Investment,Debit Card,Purchased stocks,0.0,88.69
2025-01-23,Transaction,Cash,Paid via online transfer,0.0,994.25
2025-01-05,Bills,Credit Card,Paid electricity bill,0.0,800.02
2025-01-05,Groceries,Debit Card,Bought vegetables and fruits,0.0,569.32
2025-01-05,Health,UPI,Purchased vitamins and supplements,31.53,116.81
2025-01-02,Bills,Credit Card,Paid electricity bill,0.0,186.7
2025-01-01,Groceries,Debit Card,Weekly grocery shopping,0.0,388.1
2025-01-30,Subscription,Debit Card,Bought gym membership subscription,0.0,983.59
2025-01-26,Investment,Cash,Invested in bonds,0.0,615.5
2025-01-24,Groceries,UPI,Purchased organic produce,39.59,55.02
2025-01-20,Health,UPI,Purchased vitamins and supplements,0.18,314.58
2025-01-07,Insurance,Cash,Settled health insurance bill,0.0,654.71
2025-01-01,Health,Cash,Bought medicine from pharmacy,0.0,224.05
2025-01-24,Stationery,Debit Card,Purchased office supplies,0.0,276.49
2025-01-16,Bills,Debit Card,Paid electricity bill,0.0,347.77
2025-01-12,Stationery,Debit Card,Stationery shopping for school,0.0,277.54
2025-01-17,Health,UPI,Paid for doctor consultation,24.74,813.89
2025-01-21,Bills,Debit Card,Paid electricity bill,0.0,172.29
2025-01-04,Stationery,Cash,Purchased office supplies,0.0,589.73
2025-01-25,Subscription,Debit Card,Renewed streaming service subscription,0.0,10.09
2025-01-02,Investment,Cash,Invested in bonds,0.0,637.66
2025-01-19,Health,UPI,Bought medicine from pharmacy,22.31,97.32
2025-01-20,Health,Cash,Paid for doctor consultation,0.0,954.85
2025-01-08,Groceries,UPI,Purchased organic produce,44.82,309.81
2025-01-22,Groceries,Debit Card,Purchased organic produce,0.0,319.52
2025-01-27,Bills,Debit Card,Paid electricity bill,0.0,743.89
2025-01-08,Subscription,Debit Card,Renewed streaming service subscription,0.0,164.54
2025-01-05,Health,Credit Card,Paid for doctor consultation,0.0,924.63
2025-01-06,Health,UPI,Purchased vitamins and supplements,34.45,43.72
2025-01-02,Stationery,Credit Card,Bought pens and notebooks,0.0,577.28
2025-01-05,Investment,Cash,Invested in mutual funds,0.0,421.0
2025-01-22,Subscription,UPI,Renewed streaming service subscription,12.8,306.76
2025-01-27,Health,Credit Card,Purchased vitamins and supplements,0.0,550.41
2025-01-06,Bills,Cash,Settled water bill,0.0,833.9
2025-01-27,Groceries,Debit Card,Bought vegetables and fruits,0.0,971.32
2025-01-23,Transaction,Credit Card,Paid via online transfer,0.0,840.14
2025-01-14,Groceries,Cash,Purchased organic produce,0.0,406.24
2025-01-15,Subscription,Cash,Subscribed to magazine,0.0,985.87
2025-01-02,Insurance,Credit Card,Settled health insurance bill,0.0,147.35
2025-01-11,Health,UPI,Bought medicine from pharmacy,15.39,299.6
2025-01-22,Stationery,Debit Card,Bought pens and notebooks,0.0,242.61
2025-01-11,Bills,Cash,Paid electricity bill,0.0,392.53
2025-01-28,Stationery,Cash,Bought pens and notebooks,0.0,109.42
2025-01-22,Insurance,Credit Card,Paid car insurance premium,0.0,449.5
2025-01-23,Bills,UPI,Settled water bill,42.08,96.21
2025-01-21,Investment,UPI,Invested in mutual funds,40.98,688.46
2025-01-22,Subscription,Cash,Subscribed to magazine,0.0,282.77
2025-01-19,Groceries,Debit Card,Purchased organic produce,0.0,623.94
2025-01-24,Groceries,UPI,Weekly grocery shopping,15.95,666.55
2025-01-23,Health,Credit Card,Purchased vitamins and supplements,0.0,843.44
2025-01-01,Health,Cash,Paid for doctor consultation,0.0,193.27
2025-01-22,Health,UPI,Paid for doctor consultation,11.89,588.66
2025-01-12,Investment,Debit Card,Invested in bonds,0.0,772.11
2025-01-19,Investment,UPI,Purchased stocks,23.19,567.07
2025-01-23,Groceries,Debit Card,Purchased organic produce,0.0,115.97
2025-01-26,Subscription,Credit Card,Renewed streaming service subscription,0.0,658.49
2025-01-12,Stationery,Credit Card,Bought pens and notebooks,0.0,118.06
2025-01-01,Groceries,Debit Card,Purchased organic produce,0.0,903.39
2025-01-02,Investment,Credit Card,Invested in mutual funds,0.0,865.44
2025-01-19,Health,Credit Card,Bought medicine from pharmacy,0.0,636.63
2025-01-23,Health,Credit Card,Paid for doctor consultation,0.0,267.59
2025-01-02,Subscription,Cash,Bought gym membership subscription,0.0,833.19
2025-01-21,Stationery,Cash,Stationery shopping for school,0.0,650.03
2025-01-30,Transaction,UPI,Sent money to relative,31.12,709.79
2025-01-26,Transaction,Credit Card,Sent money to relative,0.0,889.29
2025-01-30,Investment,UPI,Invested in mutual funds,12.63,222.25
2025-01-01,Stationery,Cash,Bought pens and notebooks,0.0,178.89
2025-01-23,Bills,Credit Card,Paid electricity bill,0.0,366.71
2025-01-01,Bills,UPI,Settled water bill,15.09,516.89
2025-01-23,Transaction,Cash,Sent money to relative,0.0,837.93
2025-01-02,Transaction,Debit Card,Sent money to relative,0.0,477.91
2025-01-05,Health,Debit Card,Paid for doctor consultation,0.0,421.12
2025-01-16,Transaction,Cash,Transferred money to friend,0.0,330.26
2025-01-22,Stationery,UPI,Purchased office supplies,27.5,615.6
2025-01-30,Transaction,UPI,Transferred money to friend,2.33,129.37
2025-01-30,Groceries,UPI,Weekly grocery shopping,27.02,759.43
2025-01-12,Transaction,Credit Card,Paid via online transfer,0.0,987.22
2025-01-25,Subscription,Debit Card,Bought gym membership subscription,0.0,104.83
2025-01-24,Groceries,Credit Card,Purchased organic produce,0.0,148.15
2025-01-21,Investment,Debit Card,Invested in bonds,0.0,592.16
2025-01-09,Groceries,Debit Card,Bought vegetables and fruits,0.0,485.55
2025-01-04,Subscription,UPI,Renewed streaming service subscription,4.56,902.81
2025-01-11,Subscription,UPI,Bought gym membership subscription,17.05,284.64
2025-01-06,Investment,UPI,Invested in mutual funds,2.92,307.31
2025-01-24,Bills,Credit Card,Settled water bill,0.0,259.0
2025-01-07,Transaction,Credit Card,Paid via online transfer,0.0,498.06
2025-01-23,Bills,Debit Card,Settled water bill,0.0,566.76
2025-01-15,Insurance,Cash,Paid car insurance premium,0.0,686.86
2025-01-06,Investment,Debit Card,Purchased stocks,0.0,351.75
2025-01-16,Groceries,Debit Card,Weekly grocery shopping,0.0,316.21
2025-01-27,Investment,Credit Card,Invested in mutual funds,0.0,848.95
2025-01-03,Stationery,Credit Card,Stationery shopping for school,0.0,164.06
2025-01-11,Stationery,Credit Card,Stationery shopping for school,0.0,806.25
2025-01-01,Subscription,Cash,Bought gym membership subscription,0.0,464.28
2025-01-05,Transaction,Credit Card,Sent money to relative,0.0,942.55
2025-01-02,Stationery,Credit Card,Stationery shopping for school,0.0,908.09
2025-01-27,Insurance,Debit Card,Settled health insurance bill,0.0,158.09
2025-01-25,Insurance,Credit Card,Settled health insurance bill,0.0,506.36
2025-01-14,Stationery,Cash,Stationery shopping for school,0.0,757.28
2025-01-15,Groceries,Credit Card,Weekly grocery shopping,0.0,233.62
2025-01-17,Insurance,Credit Card,Settled health insurance bill,0.0,170.92
2025-02-15,Stationery,UPI,Purchased office supplies,27.9,822.91
2025-02-24,Groceries,UPI,Bought vegetables and fruits,24.0,978.55
2025-02-22,Stationery,UPI,Purchased office supplies,15.4,522.8
2025-02-09,Insurance,Debit Card,Settled health insurance bill,0.0,662.39
2025-02-24,Subscription,Debit Card,Bought gym membership subscription,0.0,202.25
2025-02-14,Groceries,Credit Card,Bought vegetables and fruits,0.0,982.02
2025-02-27,Transaction,Debit Card,Transferred money to friend,0.0,52.89
2025-02-04,Insurance,Debit Card,Completed insurance renewal,0.0,574.34
2025-02-27,Groceries,Debit Card,Purchased organic produce,0.0,60.02
2025-02-16,Transaction,Debit Card,Sent money to relative,0.0,286.81
2025-02-17,Groceries,Cash,Weekly grocery shopping,0.0,623.5
2025-02-01,Bills,UPI,Settled water bill,11.79,510.4
2025-02-04,Investment,Credit Card,Purchased stocks,0.0,45.82
2025-02-17,Insurance,Debit Card,Settled health insurance bill,0.0,716.52
2025-02-12,Bills,Cash,Paid electricity bill,0.0,912.99
2025-02-21,Subscription,Cash,Renewed streaming service subscription,0.0,326.83
2025-02-21,Health,Cash,Bought medicine from pharmacy,0.0,42.54
2025-02-03,Bills,Cash,Settled water bill,0.0,323.82
2025-02-05,Bills,Cash,Paid phone bill,0.0,241.07
2025-02-27,Subscription,Credit Card,Bought gym membership subscription,0.0,609.36
2025-02-02,Insurance,Debit Card,Completed insurance renewal,0.0,805.08
2025-02-22,Bills,Credit Card,Paid phone bill,0.0,679.19
2025-02-02,Insurance,Cash,Paid car insurance premium,0.0,603.45
2025-02-21,Transaction,UPI,Sent money to relative,29.4,695.53
2025-02-23,Bills,Credit Card,Paid electricity bill,0.0,476.88
2025-02-13,Investment,Debit Card,Purchased stocks,0.0,353.28
2025-02-26,Transaction,Debit Card,Sent money to relative,0.0,972.01
2025-02-27,Bills,Credit Card,Paid phone bill,0.0,304.1
2025-02-01,Insurance,Credit Card,Completed insurance renewal,0.0,993.47
2025-02-10,Health,Debit Card,Bought medicine from pharmacy,0.0,853.65
2025-02-07,Stationery,Debit Card,Stationery shopping for school,0.0,361.36
2025-02-10,Bills,Cash,Paid phone bill,0.0,654.11
2025-02-27,Stationery,Cash,Stationery shopping for school,0.0,200.69
2025-02-08,Insurance,Cash,Settled health insurance bill,0.0,724.68
2025-02-02,Stationery,UPI,Purchased office supplies,44.05,550.93
2025-02-17,Health,Cash,Paid for doctor consultation,0.0,669.07
2025-02-26,Insurance,Credit Card,Settled health insurance bill,0.0,158.84
2025-02-11,Insurance,Cash,Paid car insurance premium,0.0,593.3
2025-02-15,Investment,Cash,Purchased stocks,0.0,196.4
2025-02-04,Subscription,Credit Card,Renewed streaming service subscription,0.0,302.24
2025-02-09,Health,Debit Card,Purchased vitamins and supplements,0.0,246.69
2025-02-18,Health,UPI,Purchased vitamins and supplements,39.15,940.64
2025-02-04,Stationery,UPI,Bought pens and notebooks,26.49,570.76
2025-02-12,Subscription,UPI,Bought gym membership subscription,49.76,29.52
2025-02-18,Bills,Debit Card,Paid phone bill,0.0,519.92
2025-02-12,Investment,Debit Card,Invested in bonds,0.0,381.57
2025-02-12,Insurance,UPI,Completed insurance renewal,31.38,141.82
2025-02-26,Subscription,Debit Card,Bought gym membership subscription,0.0,511.06
2025-02-15,Groceries,Debit Card,Bought vegetables and fruits,0.0,773.75
2025-02-09,Transaction,Cash,Transferred money to friend,0.0,372.76
2025-02-23,Bills,Cash,Settled water bill,0.0,394.87
2025-02-06,Bills,Cash,Paid electricity bill,0.0,194.49
2025-02-11,Investment,UPI,Invested in mutual funds,42.74,116.8
2025-02-23,Stationery,Credit Card,Purchased office supplies,0.0,611.17
2025-02-05,Bills,UPI,Settled water bill,8.3,183.35
2025-02-03,Investment,Cash,Purchased stocks,0.0,581.91
2025-02-11,Investment,Credit Card,Invested in mutual funds,0.0,64.14
2025-02-16,Health,Debit Card,Bought medicine from pharmacy,0.0,11.93
2025-02-11,Insurance,UPI,Completed insurance renewal,35.13,991.7
2025-02-14,Investment,UPI,Invested in mutual funds,10.62,881.96
2025-02-23,Insurance,Credit Card,Paid car insurance premium,0.0,833.02
2025-02-12,Transaction,Debit Card,Sent money to relative,0.0,104.68
2025-02-17,Insurance,Cash,Settled health insurance bill,0.0,976.76
2025-02-01,Insurance,Debit Card,Settled health insurance bill,0.0,858.91
2025-02-11,Subscription,Debit Card,Bought gym membership subscription,0.0,754.51
2025-02-05,Transaction,Credit Card,Paid via online transfer,0.0,497.63
2025-02-01,Bills,Credit Card,Paid electricity bill,0.0,664.36
2025-02-18,Insurance,UPI,Completed insurance renewal,35.6,553.96
2025-02-21,Investment,UPI,Invested in mutual funds,34.04,221.18
2025-02-16,Investment,Cash,Purchased stocks,0.0,846.16
2025-02-08,Health,Credit Card,Bought medicine from pharmacy,0.0,997.06
2025-02-05,Transaction,Debit Card,Transferred money to friend,0.0,720.81
2025-02-07,Insurance,Credit Card,Paid car insurance premium,0.0,140.47
2025-02-15,Subscription,Debit Card,Renewed streaming service subscription,0.0,978.55
2025-02-05,Stationery,Debit Card,Bought pens and notebooks,0.0,53.86
2025-02-06,Insurance,Debit Card,Completed insurance renewal,0.0,40.55
2025-02-20,Transaction,Cash,Sent money to relative,0.0,213.02
2025-02-04,Insurance,Credit Card,Settled health insurance bill,0.0,749.08
2025-02-11,Insurance,Cash,Settled health insurance bill,0.0,406.53
2025-02-08,Health,Cash,Purchased vitamins and supplements,0.0,291.24
2025-02-23,Stationery,Debit Card,Purchased office supplies,0.0,282.94
2025-02-26,Groceries,UPI,Bought vegetables and fruits,44.11,527.28
2025-02-04,Bills,Credit Card,Paid phone bill,0.0,32.92
2025-02-01,Investment,Cash,Invested in mutual funds,0.0,432.83
2025-02-22,Bills,Credit Card,Paid electricity bill,0.0,212.61
2025-02-22,Subscription,UPI,Bought gym membership subscription,23.6,673.75
2025-02-25,Transaction,UPI,Paid via online transfer,34.1,384.48
2025-02-27,Groceries,UPI,Purchased organic produce,33.24,744.83
2025-02-03,Stationery,Debit Card,Stationery shopping for school,0.0,708.6
2025-02-12,Insurance,Credit Card,Paid car insurance premium,0.0,773.21
2025-02-08,Insurance,UPI,Completed insurance renewal,42.4,719.76
2025-02-19,Stationery,UPI,Bought pens and notebooks,21.41,592.76
2025-02-16,Bills,Debit Card,Paid electricity bill,0.0,833.37
2025-02-27,Health,UPI,Bought medicine from pharmacy,25.63,794.01
2025-02-03,Insurance,UPI,Completed insurance renewal,18.28,866.28
2025-02-15,Subscription,Credit Card,Renewed streaming service subscription,0.0,11.27
2025-02-08,Health,Credit Card,Bought medicine from pharmacy,0.0,806.23
2025-02-17,Health,Cash,Purchased vitamins and supplements,0.0,307.87
2025-02-19,Stationery,Debit Card,Bought pens and notebooks,0.0,528.02
2025-02-14,Stationery,Credit Card,Stationery shopping for school,0.0,159.73
